sunnirey.shop, false
venturemediaagency.com, false
laflosd.com, false
jahmakingsconstruction.com, false
the-chimneymasters.com, false
reelsafarischarters.com, false
reveportraits.com, false
joyfuladoptions.com, true
eringallagher.wordpress.com, true
actioncomedyfilms.com, false
propertyguysnj.com, false
reflexdelivery.com, false
jtheater.com, false
davidprieto.realestate, true
budgetmobilehometransport.com, true
cedarwork.org, false
winningham-iron-metal.business.site, true
directjet.com, true
penchiroclinic.com, true
airprofork.com, false
cryptohomiesclub.io, false
carvedsoulsmusic.com, false
journey2beme.com, false
couplescounselingatlanta.com, false
marriagecounselingmemphis.com, false
brandibaileyphotos.com, false
marylandplatingservicinginc.com, false
myparee.com, false
marrs-jonesfuneralhome.com, false
fedorovfilms.com, false
sinceremobilephlebotomy.net, false
ancientcityappraisals.com, false
thelocalmanjakemangan.com, false
getrazuzz.com, false
timothylee.us, false
villavieira.com, true
dskidsermons.com, false
gsiprint.com, false
tashahmoore.com, false
caninereproductivecenter.com, false
capricommercialcapital.com, false
barbaranichols.org, false
laydomsouth.org, true
kufflet.com, false
continentalfresh.com, true
3lechesbake.com, false
fivestarpoollinerswilliamstown.com, false
lionsteelstructuresco.com, false
miltongeorgialiving.com, false
growthfutures.net, false
thebentleyparkcommunityassociation.org, false
hairbykole.com, false
richardsservicecenter.com, true
parisfumc.org, false
maiaschmidt.com, false
camilluscusecamp.com, false
downunderpottery.com, false
tax-masters.net, false
proexecstaffing.com, true
magarc.org, false
bundlesbybassett.com, false
epertase.com, false
vibrantlifefarms.com, false
down-southmoving.business.site, false
truyasushica.com, true
unitedcloudtechnologies.com, false
foxtrailerservice.com, false
ageanabrett.com, false
atlanticsltd.com, false
trihealthbalance.com, false
pearlcorker.wordpress.com, true
kristyler.com, true
thejewishheritagefoundation.com, false
knickonwood.com, false
haqelyaqeen.com, false
baypointlabs.com, true
palla-siding-and-windows.business.site, false
steppir.com, false
lifeofbtc.org, false
minastollery.com, false
drmeganseltz.com, true
coltonfamilydental.com, false
meroscience.org, false
parklandhairclinic.info, false
romanthumbs.com, false
yingtexun.com, false
bc-hinger.com, false
jessicaashwellness.com, false
hbcofrochester.org, true
iam-boeing.com, false
runlikeclockwork.com, false
aop3d.com, true
ccspatherapies.com, true
fccherrick.org, true
crazy.builders, false
graspinc.org, false
erichedlund.com, false
fitfeetflorida.com, false
abcbni.com, false
skgfitness.training, false
bodegaunclick.com, false
kelleyroadrace.com, false
iambaldianastyles.info, false
rcgglobaltv.com, false
romesportshalloffame.com, false
kaleofamilies.org, false
aiesteam.org, false
prashnercpa.com, true
50ggirls.com, false
montcapitalpartners.com, false
osalra.com, false
analogique.com, false
kcsweep.com, false
cincyscrubs.com, false
handymanexpressservice.net, false
adaini.com, false
maquez-kennelz.business.site, false
evadoyle.com, false
oldfarmhouseprimitives.com, false
nashvilleucc.org, false
ortsac.com, false
acifund.com, false
therealbcmg.com, false
seamuspuppy.com, false
innsofcourt.org, false
abreakdisabilityandrespite.com, false
snugharborca.com, false
intfloors.com, false
tylerteaches.com, false
ihostnewyork.com, false
dolphinsdigital.org, false
keepsakeweddingphotography.com, false
reignvolleyball.com, false
thecollectiveeffect.org, false
concordncwildliferemoval.com, false
theceosalon.com, false
cousineauforestproducts.com, false
86fest.com, false
gkama.com, false
tvwelove.com, false
mazautoglass.com, true
jasonheltonrealestate.com, false
caring-hands-seniorsolutionsgroupinc.business.site, true
cowpaddyfudge.wordpress.com, false
horizons.church, false
mctierart.com, false
cavachonsofoklahoma.com, false
leahyfamilydentistry.com, false
southsidedentalcare-dentalclinic.business.site, true
clinejewelers.com, false
techsynario.com, false
hyhp.org, false
monahanclinics.com, true
jonfoxmusic.com, false
big-dog-boarding.business.site, false
amlimdrmarina.com, false
fkideas.com, false
harvardpsc.com, false
verve-medical.com, false
bluestreakgrinding.com, false
talkingparents.com, false
shiftflg.com, true
brentwood365.com, true
pastorecompany.com, false
pcinapa.com, false
timothyburger.com, false
myapexhomeinspection.com, false
aproa.org, true
jrmatheny.com, false
pacificelectric.biz, false
macazancorp.com, false
chevrv.com, false
rrrobotictec.com, false
kokuanutrition.com, false
jerkkingsnj.com, false
hudsonlux365.com, false
downeygroupllc.com, false
dolee-rentals.com, false
fynres.com, false
beagibbons.com, false
fanbladedesigns.com, false
fortlaudedalepsychic.com, false
romangalloway.com, false
calcoastjewelryappraisers.com, false
impaxinc.com, false
paigeleblanc.com, false
off-trail.co, true
northwest-georgia-regional-commission.business.site, false
whaleygfx.com, true
maryfrancespencer.com, false
nbwatergardens.com, false
forsythvet.com, true
cepstone-llc.com, false
longrealty.com, false
paradiseatlasttravel.com, false
meskauskis.com, false
shootmethevin.com, false
ercc.biz, false
haciendailusionpr.com, false
kickitupquilting.com, true
rainbowphillyweddingofficiants.com, false
coloradolivingblog.com, false
jointguard.com, false
vghgroup.org, false
nynjelevator.com, true
floridaloansigning.com, false
shmstudios.com, false
2020relining.com, false
2701jamesmwood.com, false
easystreetcookies.com, true
urtubiavielma.com, true
paysonhandyman.com, false
themasker.com, false
smartdivorcestrategy.com, false
banconex.com, false
royaltylandscapinganddesign.com, false
lorettola.org, false
beautyblueprintllc.com, false
sewardlostlakelodge.com, false
rubpage.com, false
atlantanephrologyassociates.com, false
neptune-society.com, false
lynnavo.com, false
darstproperties.com, false
pearlandcounseling.com, false
kaylabeehler.com, false
defioptions.org, false
dionisioducusin.com, true
flash-wingo.com, false
mutterpasshuellen.eu, false
central-texas-mobile-notary-notary-public.business.site, true
theneedlehouse.com, true
mompopshop.com, false
gentzlerelectric.com, false
behindthewhitebeard.com, false
hitsforhomeless.com, false
thestonenc.com, true
fuecid.shop, false
crossroadsrvpk.com, false
govirtualoffice.com, false
charliesproshop.com, false
ericamhill.com, false
serenapezzato.com, false
coffee-homemachines.club, false
mendiolagardening.com, false
earthagent.org, false
yjlashstudio.com, false
kcc.org, true
thej3group.com, false
clarionstl.com, false
wanakenapinecone.wordpress.com, false
sceniclandscaping.net, false
drariatirakic.com, false
hautesalonjc.com, true
healthtrustpg.com, true
artworkbydoyle.com, false
sunnova-solar-oakland.business.site, true
cityofmountlaketerrace.com, false
secag.org, true
mghomeremodelling.info, false
aspecialtouchflorist.net, false
vividsalonmadison.com, false
clockinc.org, false
verdantporch.com, false
aetheradvisors.com, true
morrisholmes.com, false
peakdds.com, true
brooklyntreecompany.com, false
mygentxt.org, false
rfacapitalcorp.com, false
carolynlewismed.com, false
ilikeflatroofs.com, false
liverpoolchurch.com, false
the-greenwich.com, false
sanfranciscowinecenter.com, false
themacks.wordpress.com, false
hiddenforestdesign.com, false
academyofamazement.com, false
veritassynergetic.com, false
aether-multimedia-llc.business.site, true
goldenscrollsoloists.com, true
ameecleaning.com, false
reeleminbaitandtackle.com, false
bostonzen.org, true
crawfordproduction.com, false
bluemercury.com, true
myfocuspsych.com, false
tornadobaseball.com, true
lodgelivin.com, false
ravenshire-llc.com, false
buchanan-edwards.online, false
galleongc.com, false
openairchair.com, false
loudandclaire.com, false
vpropertysolutions.com, false
cancersupportdelaware.org, false
liveatmontclairapt.com, true
hallmemphis.org, false
ogcut.com, false
17thstreetthaisushifl.com, false
imperiumstrategiesllc.com, false
christinereidphotography.com, false
imageworksdirect.com, false
lisinoprilfst.com, false
royalinvestmentgroupinc.com, false
sushirawsf.com, false
rjssigns.com, false
kathrynanndesigns.com, false
1vandegraaff.com, false
grpinsurance.com, false
allcleanhomes.com, false
pd2llc.com, false
michaelskuceradentistry.com, false
tangles-salon.com, false
spynewsletter.com, false
highbrow-beauty.com, false
logansquarelaundry.com, true
fortcollinsshowerdoor.com, false
cahabacreative.com, false
roland4fairview.com, false
dentaltalentnow.com, false
msconfinance.com, false
studiobsalon.net, false
lineoftecnologia.com, false
valezio.com, false
enigomusic.com, false
muhlbauerlab.com, false
jackjewelryinc.com, false
garrettwietholter.com, false
happydaycreations.net, false
gallerycollage.com, false
gambittechconsulting.com, false
mogreenway.com, true
cifsds.org, false
fineartsbiz.com, true
creativehealthplans.com, false
shakeprosolutions.com, false
mbcollegeguidance.com, false
designedbycarla.com, true
carpetworkshopofohio.com, false
hawaii432.com, false
dafacargo.com, false
winecheeseandfivemoreminutes.com, false
yokohamayakitorikoubou.com, true
stitchncluck.com, true
ngchm.net, false
wilkins-grocery.edan.io, true
alpha-research-associates-research-institute.business.site, false
johnsoncreekrvresort.com, false
kns-construction.com, false
artandglamstudio.com, true
apollostreams.com, false
uomosport.com, true
interstatetruck.com, false
satyasilence.com, false
completecaredevelopmentcenter.com, false
amfaviation.com, true
cumberland-river.com, true
thephotoboothunlimited.com, true
drtompastor.com, false
cheftea.com, false
assemblyninja.com, false
familyintimacy.com, false
rollmanconyers.com, false
asuzus.com, false
centurywebdesign.net, false
totalseal.com, false
valleymedicalinstitute.com, false
rivertownslp.com, false
wordofgodokc.com, true
balancedwellnessami.com, false
globaltrustbnk.com, false
bigtransformerbushings.com, true
beehivebargains.com, false
coastaldefense.business.site, true
webranium.co.uk, false
statelinekids.com, true
rustyskate.com, false
hypnosishealthworks.com, false
melatee.com, false
sheetmetallocal399.com, false
limitlesscounselingservices.com, false
ncca-inc.com, false
scottsbluffcountyscanner.com, false
sofloweb.com, false
themarketinggroupaz.com, false
karrgroupco.com, false
busiup.com, false
riolentoranch.com, false
castor-group.com, false
focusmedicalbillingservices.com, false
hightechautoservicesantamonica.com, false
brilliantcityreiki.com, false
archaeology.virginia.edu, true
sanchez-lawn-care-and-landscaping-services.business.site, false
castoreclothing.com, false
theblueprintshop.com, false
johnstons-clothiers.business.site, true
worldsframedbywords.com, false
angelabrite.com, false
woodstocklodge246.org, false
bigdiamondpools.com, true
lalupitaberwyn.net, false
neomedia-dg.com, true
hillcreststoragetn.com, true
nsea.org, false
mrsbecerra.com, false
mahoganyvacations.com, false
thedoorse.com, false
rvcoc.org, false
hericonstructionllc.com, false
sullivanswcd.org, false
vickcarneylaw.com, false
lequedagua.com, false
bintiboutique.llc, true
briggsmobiledetailing.com, false
homeworkninjas.com, false
d30ufu6vr9yoyg.cloudfront.net, true
maddux.pro, false
timhalberg.com, false
rhcapco.com, true
mytomisushi.com, false
drrudlin.com, false
tambasamba.design, false
ordercrustandbuns.com, false
perspicacitylabs.com, true
oceancurrent.com, false
hangtownkc.org, true
oneforallartists.com, false
phalanxgrpservices.org, true
tevisdenise.com, true
diecutstickers.com, false
smensclub.org, false
jmbusinesspartners.com, false
usconstructgroup.com, false
1stamc.com, false
108production.com, false
rmiflooring.com, false
brian-hollenbeck.com, false
onsa.net, true
realtorhsu.net, false
oldtraditiontattoo.com, true
hellorichmond.net, false
ergoactives.com, false
millarandsons.net, true
beautifulbodybabes.com, false
nationalcarousels158.com, false
xpressbenefits.net, false
curtistaylorart.com, false
floraottimer.com, false
sagacitystays.com, false
pastashopfresh.com, false
hueboost.com, false
torget.org, false
infinitiofsouthatlanta.com, false
acornlawpc.com, false
smilesbygateway.com, true
greenbikerentals.com, false
mrdurant.weebly.com, false
topbricole.site, false
gametableadventures.com, false
americanguardrailsupply.com, false
borderwarswrestling.com, true
carrettausa.com, false
smv-inc.com, true
hotlink2019.com, false
greggardnersbarbershop.com, true
teambuildergroup.com, false
jettbt.com, false
sapphiresleepovers.squarespace.com, false
smallislandent.com, false
lgcountryschool.com, false
elegantdjservices.com, true
bettygb.com, false
troychurch.net, false
sben.org, false
miqrotech.com, false
moorecapitalservices.net, false
frenchlakeautoparts.com, false
abbevillecalendar.com, false
virtekcompany.com, true
hairdesigners-hairsalon.business.site, false
shah-impex.com, false
stewartgrain.com, true
mannexcavating.com, false
greenissue.eu, false
beezneedz.com, false
charlesmann-contracting.com, false
hollytreeservice.net, true
crestonhousefl.com, false
creativitythroughconstraints.com, false
forrestpierce.com, true
auroratechservices.com, false
ohanaconsulting.net, false
annatietzhomes.com, false
techbarstore.com, false
tamalpaistaichi.com, false
solarecon.wordpress.com, true
advancenetsupport.com, false
sharonkinghoge.com, false
signaturesportsurfaces.com, false
chugiak.org, true
bettoli.realtor, true
potomaccanine.com, false
dorsettchapel.org, false
mysavagenails.love, false
thatpaintgirl.com, false
jbdecker.com, false
returndeals.net, false
kccashbuyer.com, true
amplifiedconcepts.com, false
bellevueisd.org, false
timemusicgroupnyc.com, false
starcomconsulting.com, false
latinoyouthoutreach.org, false
getranx.com, false
slrslingshotrentals.com, false
skinnerdaylilies.com, false
clovercutsandcolor.com, false
jshs-tn.utk.edu, false
gov.aiogoconsultingllc.com, false
pinilishalpern.com, false
divinemomentsdaycare.com, false
powersfamilymedicine.com, false
bubongstore.com, false
dewingscenter.org, true
marinbaroque.org, false
rebeccathebadass.com, false
htiyos.com, false
tefftfoundation.com, false
rgaineswebdevelopment.com, false
avonnylocksmith.com, false
crazypokemiami.com, false
lemongrassmichigan.com, false
hillartistry.com, false
velabrand.com, false
lesliehaywood-moore.online, false
scentvillage.com, true
cryptonewsupdate.com, false
gygeneralservices.business.site, true
internationalmediasupply.com, false
biodyn-lifesciences.com, false
cenladerm.com, true
buryservices.com, true
sgdesignshouston.com, false
peacefulwolftaichi.com, true
timberwoodofnaples.org, false
phack.org, false
gamepcfull.com, false
schoi.mit.edu, false
jsdagency.com, true
marketing-page-lindsey.vercel.app, false
mazalai.com, false
cloudspeed24x7.com, false
innovativeinstruction.org, false
lealvideoproductions.com, false
kourco.com, false
trusted-home-inspection.business.site, false
justgooglebenhiggins.com, false
indiyoung.com, true
boyettrecovery.com, false
jaredshavelson.com, false
montereypeninsulaelderlyhome.com, false
bathpeople.com, false
trueaudio.com, false
rightstudents.org, false
myzerly.com, false
vitalaehealingarts.com, false
tlalocrivas.com, false
periogel.net, false
antiochassistedliving.com, false
deepdivecounseling.net, false
pioneerpropertydevelopment.com, false
allyourblogging.com, false
thebeautyteam.com, false
dablawoffice.com, false
d-l-roofing-and-construction-llc.business.site, false
avdtechnologies.com, false
liketelevision.com, false
lonepeakdoodles.com, false
carissahannumtherapy.com, false
awlsnap.com, true
petexplain.com, false
bloggingforextrader.com, false
forcht-law.com, false
carriecrespo.com, true
blazingstargrange.org, false
myacem.com, false
poocheshouseboutique.com, false
rethinkingwealth.org, false
ellen4wcsd.com, false
kiplearningandactivitycenter.com, false
stickerdreams.com, true
fayreconsulting.com, true
nymphyacht.com, false
yogawithorly.com, false
amairportparking.com, true
baxland.com, false
itlogo.net, false
lammrubenstone.com, false
airelibreavenue.com, false
fine-art-construction.business.site, true
astepabovemb.com, false
nomadicbearproductions.com, false
homesforsalescv.com, true
studentvetinsurance.com, false
myrtlebeach.city, false
yourvibrantnutrition.com, false
creativebusinessassociates.com, true
belanshion.com, false
truelifetx.org, false
centralcoastmd.com, false
citycenterwaco.com, false
stpunited.org, false
mottshay.com, true
brynbachman.com, true
branchedoakmarina.com, false
executivecarservicelax.com, false
themorvarid.com, false
nu-imagepainting.com, false
seattlecandle.com, true
id44.com, false
pestcontrolmodestoca.org, false
highwaydistribution.net, false
thermalpd.com, false
shoplakebuoy.com, false
outervisionsdesign.com, false
finishingtouch.contractors, false
cotherix.com, false
sherricornett.com, false
pinolevistareimagined.com, false
redrhinomovers.com, false
mlfcare.org, false
aristacons.com, true
rollupdoorrepairnyc.com, false
sweetadswebcast.com, false
cdl-express.com, false
lassomd.com, false
kkcger.com, true
candybartending.com, false
strivelacrosseacademy.com, false
1laurellane.com, false
plumbingbydlt.com, false
maido-shimizuya.com, false
workitstudio.com, false
skylinevisioncare.com, false
origingolf.com, false
postmodern-strings.com, false
fightguard.net, false
wellbaum-apiaries.business.site, false
hometheatersystemgainesville.com, false
exaintelligence.com, false
tangodown.com, true
celebaesthetics.com, false
sustainableracine.org, false
matthaynes.uk, false
audinashville.com, true
garagedoor-repair-waynenj.com, false
graciejoplin.com, false
globalonefinancialsolutions.com, false
4v21.com, true
graphicmontzter.com, false
annarborhomesrealtor.com, false
tic-texas.com, false
godsministryfellowship.com, false
alldolledupspabus.com, true
it10103.wordpress.com, true
mingchienliang.com, false
medicalcoatings.org, false
newasianjuyuan.com, true
laurafoxreel.com, false
blackdiamondregulatory.com, true
westtubingcompany.com, false
callunakennels.com, true
cindywalker.com, false
hearthstoneproperty.com, false
singinglessonstemecula.com, true
samantharaiderbrown.com, true
yroox.com, false
janarose.us, false
deperevfw.net, false
patscrap.co.uk, true
ambazoniafoundation.org, false
arisepca.com, false
vipsmarthomes.com, true
wheeinc.com, false
colonsource.com, false
citadelurban.com, true
gforcefoundation.com, true
theneumannproject.com, false
emergencyinternational.org, false
nefsvt.com, false
ohanacrm.com, true
par1cleaners.business.site, false
aesgoldmine.com, false
azrielassetmgmt.com, false
marinavillageharbor.com, true
figureitoutagency.com, false
scienceeducators.org, false
designsbydjflorist.com, false
paynespringsumc.org, false
putitontheglass.com, false
kingfisherseo.com, false
missinglnk.com, false
morenohillssda.org, false
aestatix.com, false
badgertoyotalift.com, true
autobodiparts.com, false
overlakecollie.com, true
norconindustries.net, false
nationalcapitalfitday.com, false
msjudithsewins.com, false
jadynbags.com, false
cadottfamilyrestaurant.com, false
coopster.org, true
when2heartsbeatas1.org, false
thecheapghostwriter.com, false
ogawadesign.com, false
drrokh.com, false
aroostooktechnologies.com, false
alibaba-kebab.com, false
foreverepoxy.com, false
tandoorrestaurants.com, false
rpuma.org, false
feltgoodmusic.com, true
howellci.com, false
oneononesc.com, false
philstreeppc.com, false
semillacenter.org, false
littleredfarmhousegifts.net, false
whymessa.com, false
blacknewengland.org, false
wwnboa.org, false
kikimo.com, false
philippineflowers.com, false
imcl-conference.org, true
takapartners.com, false
uniqueservices.us, false
motherssoontobe.com, false
successoilco.com, false
kathrynsonmoonlake.com, false
theconservancyproject.org, true
prlassociates.net, false
fivestaracsd.com, false
palaciopet.com, false
stangerfabllc.com, false
informatichiamoci.it, false
glovemitten.com, false
tsunamipolo.org, false
amwindowcleaning.org, false
fitcivic.com, false
kiddnap.com, false
intlselfstorage.com, true
libanswers.shadygrove.umd.edu, false
transtekautosales.com, false
highwayonerealestate.com, false
saracott.com, false
mtzionbaptistrentz.com, false
post32nc.org, false
erikashome.com, true
truefablespottery.com, false
energy-health-oriental-massage.business.site, false
gooddogsfarm.com, true
cryptobroaden.com, true
ohhappydayshatchetthrowing.com, false
taam.org, true
rlosrivera.com, true
simplythaidining.com, false
temploebenezerweslaco.com, false
clearmirrorhealing.wordpress.com, false
batesdds.com, false
sanctuaryfarmphila.org, false
hunterdecuir24.com, false
royaltycleaningva.co, false
bytheseat.com, false
two2brew.com, false
writingonboard.com, false
asahisuperdry.com, false
platformtemizlik.com, false
kairios.com, false
myfriendsandme.net, false
theburningship.com, true
daveandtracy.org, false
harmonystarkennel.com, true
highqualitypcs.com, false
earthrenovation.net, false
wadeloans.com, false
warnby.com, false
horizon-international.com, false
sonicshopper.com, true
stevensfamilyfarm.webs.com, false
thefeldenkraiscenter.com, false
epocheducation.com, false
kusbeautyusa.com, false
koimountain.com, true
sootheyoursoulmassage.com, false
elijahvest.com, false
lukesmma.com, false
theuntamedcreative.co, false
projectgestalt.com, false
king-alexander.com, false
arnoldprint.com, false
puppetheap.com, false
allstarbp.com, true
proofpass.com, false
toptok.info, false
cstyled.com, true
beckynadesan.com, false
harlongroup.com, false
drfconaway.com, false
nachonomics.com, false
hoodriverclothing.com, false
charleygasparlandscapingllc.com, false
yoursbasource.com, false
3lnotary.com, false
pctouchservices.com.chrome-warning, false
sbmobilenails.com, true
spots.edu, false
sandiegorealestatejobs.net, false
harperfinancialassociates.com, false
romanolawpllc.com, false
advance-tcc.com, false
madebyjosy.com, false
childcarecompany.org, false
ssmobile.store, false
ticketsregina.com, false
thethriftyhijabi.com, false
drcharlieharper.com, false
salinasidingcompany.com, false
willowglenhomeandgarden.com, false
independenthotelmarketinggroup.com, false
janellesrestaurant.com, false
mjwm225.com, false
skdesignbuildllc.com, false
figlass.biz.chrome-warning, false
bhmedicalsupplies.com, true
dotsandcubes.com, false
juniorchefsofamerica.org, false
roushdetailingllc.com, false
bookkeepinglogic.com, false
citycanyons.com, false
pattikavanagh.massagetherapy.com, false
torres-hvac.business.site, false
anthonymarlowe.com, false
directtransportsys.com, false
alphaquorumstore.com, false
masterguyscardetail.com, false
bellocasa.com, true
amendedbeauty.com, false
yourtowcompany.com, true
holehunterindustries.com, false
djs-general-service-llc.business.site, true
brushsolutions.net, false
al-advertising-diet-store.com, false
ftworthepoxyflooring.com, false
teriorr.weebly.com, false
thermproutah.com, false
change-points.com, false
bergesenterpriseinc.com, false
salazarthomas.com, false
neilheffernan.net, false
mojoparker.com, true
top-salon-hair-salon.business.site, false
littlefeetforestschool.org, true
ehardts.com, false
pdassociation.org, false
befeni-usa.com, false
green-graphixz-clothing-company.business.site, false
kansaslimousin.org, true
wibidata.com, false
quality-trucking.com, false
safetychain.com, false
awbrueggemann.com, true
hannacho.com, false
motinidesigns.com, false
silverbaytech.com, false
ghostmountain.org, false
lawrencedy.com, false
dumpsterrentalalhambraca.com, false
quick9.io, false
cleaningsvccolumbiafalls.com, false
ubercigar.com.au, false
carolynsnails.com, false
edgeinsurance.biz, false
documentsandforms.com, true
secondnaturedesignsmv.com, false
loydayu.com, true
dreamservicesoftware.com, false
positivesideofgolf.com, false
roux30a.com, true
topcropalliance.com, true
ropescan.us, false
randrdance.com, false
flatpondpublishing.com, false
burkeoppenheim.com, false
european-deli.com, true
car.hk, false
sammycarlosdelicatessencatering.net, false
h-glogistics.com, false
yttangsoodo.com, false
arbca.com, false
advertiserandmarketersplatform.com, false
saipanyc.com, true
directdrivelogistics.com, false
gsbphoto.com, false
bgkinvestments.com, false
hiddengallerywines.com, true
dreamlab.design, false
blueridgechair.com, true
beaconhillrealtygroup.com, false
yourhairdynasty.com, false
acupuncture-oriental-massage.business.site, false
moving2branson.com, false
mtcdz.net, false
mikesagfencerepair.com, false
belozapp.com, false
tiffin24.com, false
eventsbyabel.com, false
river-valley-rv-park-tx.business.site, true
mygoodhorse.weebly.com, false
genfreellc.com, false
cherrycreektributaries.com, false
timent.com, false
kellyhohlainteriors.com, false
advancedbiblicalstudies.net, true
mq3labs.com, false
azureskies.com, false
mejina.net, false
simplicitymovers.com, false
greenershinglessanantonio.com, false
pawsinmotionla.com, false
libertybaptist.org, false
eattacorepublic.com, false
betterbuildco.com, false
gabeyandell.com, false
daylilyhealth.org, true
burst-media.com, false
wombatworks.org.chrome-warning, false
aquamarinejewelrystudio.com, false
sacreativedesign.com, false
markhensonart.com, true
snfdata.com, true
marblepolishingmiami.net, true
woodgateapts.net, false
embodyacupuncture.com, false
hubbardstudios.com, false
clevelandheightsapartments.com, false
groundswellglobalresearch.org, false
esihealthcaresolutions.com, true
lloydfeinberg.com, true
cgllcairheatingandcoolingservices.business.site, false
csquarednetworks.com, false
ridgelinehomeinspect.com, false
dallassurgicalgroup.com, true
logicworks.cc, false
deliverance-ministry-new-york.com, true
rewildyourgarden.com, false
teitelbaumco.com, false
itpc-usa.com, false
kalamazoomijobs.com, false
sbstransportllc.com, false
toothfairycleaningservice.com, false
hdnavalue.com, true
abujaluxuryhome.com, false
oddwomannailsandmore.com, false
outforlifeministries.com, false
qualifiedportablegarages.com, false
krambu.com, false
helixapartments.com, false
virustarllc.com, false
crabhouse39.com, false
gougeon.com, true
bubsnola.com, true
gentleconfections.com, false
trbism.com, false
tribeofdantours.com, false
heather-brooks-painted-furniture.ueniweb.com, false
wheelrepairphoenix.com, false
denhamsflorist.com, false
coricarl.com, false
northsidemeadows.com, false
alluredesign.org, false
cwenergyusa.com, true
slushpoolglobal.com, false
bzzster.com, true
accubuiltnw.com, true
whitwell-accounting-llc.business.site, false
kathymetzinc.com, true
coralgablesrealestatefl.com, false
southernuc.com, false
fsb-int.com, false
ascend-tech.us, true
campaigntostopgunviolence.org, false
dbdtravel.net, true
mhkeratin.com, false
whittiershuttle.com, true
pinehavenresort.com, false
